﻿<parameters>
  <parameter name="IIS Web Application Name" defaultValue="Default Web Site/MSPAS_OLORDERING" tags="IisApp">
    <parameterEntry kind="ProviderPath" scope="IisApp" match="^C:\\Projects\\nopCommerce_OLCovers\\nopCommerce_3\.20_Source\\Presentation\\Nop\.Web\\obj\\Release\\Package\\PackageTmp$" />
    <parameterEntry kind="ProviderPath" scope="setAcl" match="^C:\\Projects\\nopCommerce_OLCovers\\nopCommerce_3\.20_Source\\Presentation\\Nop\.Web\\obj\\Release\\Package\\PackageTmp$" />
  </parameter>
  <parameter name="Add write permission to App_Data Folder" description="Add write permission to App_Data folder" defaultValue="{IIS Web Application Name}/App_Data" tags="Hidden">
    <parameterEntry kind="ProviderPath" scope="setAcl" match="^C:\\Projects\\nopCommerce_OLCovers\\nopCommerce_3\.20_Source\\Presentation\\Nop\.Web\\obj\\Release\\Package\\PackageTmp\\App_Data$" />
  </parameter>
  <parameter name="Nop.Data.NopObjectContext-Web.config Connection String" defaultValue="Nop.Data.NopObjectContext_ConnectionString">
    <parameterEntry kind="XmlFile" scope="C:\\Projects\\nopCommerce_OLCovers\\nopCommerce_3\.20_Source\\Presentation\\Nop\.Web\\obj\\Release\\Package\\PackageTmp\\Web\.config$" match="/configuration/connectionStrings/add[@name='Nop.Data.NopObjectContext']/@connectionString" />
  </parameter>
  <parameter name="nopCommerce_CoversEntities-Web.config Connection String" defaultValue="metadata=res://*/Models.Catalog.VinylColors.csdl|res://*/Models.Catalog.VinylColors.ssdl|res://*/Models.Catalog.VinylColors.msl;provider=System.Data.SqlClient;provider connection string=&quot;data source=RICKTAYLOR-PC2\SQLSVR2012_DEV;initial catalog=nopCommerce_Covers;integrated security=True;MultipleActiveResultSets=True;App=EntityFramework&quot;">
    <parameterEntry kind="XmlFile" scope="C:\\Projects\\nopCommerce_OLCovers\\nopCommerce_3\.20_Source\\Presentation\\Nop\.Web\\obj\\Release\\Package\\PackageTmp\\Web\.config$" match="/configuration/connectionStrings/add[@name='nopCommerce_CoversEntities']/@connectionString" />
  </parameter>
</parameters>